
-- R01
INSERT INTO "administrator" (id,username,"password") VALUES (1,'amanda'   ,'QHA35ZTP5TI');
INSERT INTO "administrator" (id,username,"password") VALUES (2,'kiona'    ,'NID14NVH1CP');
INSERT INTO "administrator" (id,username,"password") VALUES (3,'shaeleigh','XBR72IRG1JG');
INSERT INTO "administrator" (id,username,"password") VALUES (4,'ina'      ,'XLA52GNN6UN');

-- R02
INSERT INTO "user" (id,username,"name",email,"password","address",gender,age,website,picture,"description",active) VALUES (1 ,'cballard'   ,'Cooper Ballard'   ,'cooperbal@outlook.com','NWR47LXV6QK','Tomsk'             ,'Male'  ,53,'www.blue.com'  ,NULL,'I like to travel in fast vehicles'                              ,'false');
INSERT INTO "user" (id,username,"name",email,"password","address",gender,age,website,picture,"description",active) VALUES (2 ,'dmaynard'   ,'Derek Maynard'    ,'dmal@gmail.com'       ,'UXT14OJC5PT','Pierrefonds'       ,'Male'  ,77,'www.yellow.com',NULL,'I am looking to travel all around the globe for events'         ,'true' );
INSERT INTO "user" (id,username,"name",email,"password","address",gender,age,website,picture,"description",active) VALUES (3 ,'wblake'     ,'Wynter Blake'     ,'wblak@at.net'         ,'ANU77EMG9HG','Ramagundam'        ,'Male'  ,63,'www.yellow.com',NULL,'I am interested in all different and unique events'             ,'false');
INSERT INTO "user" (id,username,"name",email,"password","address",gender,age,website,picture,"description",active) VALUES (4 ,'fgallegos'  ,'Forrest Gallegos' ,'for.gal@gmail.com'    ,'QIO48UFM1ZT','Polino'            ,'Male'  ,20,'www.green.com' ,NULL,'My interests are wide and I am open to all events'              ,'false');
INSERT INTO "user" (id,username,"name",email,"password","address",gender,age,website,picture,"description",active) VALUES (5 ,'sebowens'   ,'Sebastian Owens'  ,'sebastowens@email.edu','HPI41NEF1AK','Liberia'           ,'Male'  ,85,'www.yellow.com',NULL,'I am looking for online events as a way to interact with people','true' );
INSERT INTO "user" (id,username,"name",email,"password","address",gender,age,website,picture,"description",active) VALUES (6 ,'phillong'   ,'Phillip Long'     ,'phillip@graviti.net'  ,'FSE56FKZ6MD','Uberaba'           ,'Male'  ,32,'www.red.com'   ,NULL,'I like to interact with people that are in the same event as me','true' );
INSERT INTO "user" (id,username,"name",email,"password","address",gender,age,website,picture,"description",active) VALUES (7 ,'clembarlow' ,'Clementine Barlow','c.barlow@bmw.co.uk'   ,'LKN43VGT0RT','Mosquera'          ,'Other' ,61,'www.yellow.com',NULL,'I love adrenaline'                                              ,'false');
INSERT INTO "user" (id,username,"name",email,"password","address",gender,age,website,picture,"description",active) VALUES (8 ,'lchapman'   ,'Leila Chapman'    ,'leila@hotmail.com'    ,'WLI54WBF5ED','Penrith'           ,'Female',43,'www.red.com'   ,NULL,'I love human interaction'                                       ,'true' );
INSERT INTO "user" (id,username,"name",email,"password","address",gender,age,website,picture,"description",active) VALUES (9 ,'drobs'      ,'Dennis Robinson'  ,'den@work.net'         ,'COU01HYC1TC','Anantapur'         ,'Male'  ,94,'www.blue.com'  ,NULL,'I like to hear the crowd noise in competitions'                 ,'false');
INSERT INTO "user" (id,username,"name",email,"password","address",gender,age,website,picture,"description",active) VALUES (10,'lioneldavid','Lionel David'     ,'lio.dav@aeiou.org'    ,'PEH11CVX6KP','Massa e Cozzile'   ,'Male'  ,60,'www.red.com'   ,NULL,'I like to hear the contestants talking about their matches'     ,'false');
INSERT INTO "user" (id,username,"name",email,"password","address",gender,age,website,picture,"description",active) VALUES (11,'hamiltonian','Lee Hamilton'     ,'ham@gmail.com'        ,'CWY53UUR1ZN','Isla de Pascua'    ,'Male'  ,41,'www.green.com' ,NULL,'I like to understand the game before I see matches'             ,'true' );
INSERT INTO "user" (id,username,"name",email,"password","address",gender,age,website,picture,"description",active) VALUES (12,'armstrong'  ,'Indira Armstrong' ,'indira@work.edu'      ,'DSI59MMZ5IG','Goulburn'          ,'Female',94,'www.blue.com'  ,NULL,'I really enjoy the interaction during events'                   ,'true' );
INSERT INTO "user" (id,username,"name",email,"password","address",gender,age,website,picture,"description",active) VALUES (13,'sybilance'  ,'Sybil Vazquez'    ,'syb.vazquez@mauri.edu','KPB80GZG1YY','Tobermory'         ,'Female',31,'www.yellow.com',NULL,'I wonder if I could ever participate in an event'               ,'false');
INSERT INTO "user" (id,username,"name",email,"password","address",gender,age,website,picture,"description",active) VALUES (14,'sethhaynes' ,'Seth Haynes'      ,'seth.haynes@organ.org','KCR79FYD7ME','Narbonne'          ,'Male'  ,32,'www.yellow.com',NULL,'I am not sure what events I wanna attend'                       ,'true' );
INSERT INTO "user" (id,username,"name",email,"password","address",gender,age,website,picture,"description",active) VALUES (15,'dconway'    ,'Daryl Conway'     ,'dark.conway@gamil.com','BGP44UUY7LU','Genzano di Lucania','Female',41,'www.green.com' ,NULL,'I love competition'                                             ,'true' );
INSERT INTO "user" (id,username,"name",email,"password","address",gender,age,website,picture,"description",active) VALUES (16,'mccoy'      ,'Mason Mccoy'      ,'mascoy@entreprise.edu','LPW39ZEV4PF','Los Vilos'         ,'Other' ,74,'www.red.com'   ,NULL,'I am here for the adreline of close matches'                    ,'true' );
INSERT INTO "user" (id,username,"name",email,"password","address",gender,age,website,picture,"description",active) VALUES (17,'obrien'     ,'Quail Obrien'     ,'quail@obrien.org'     ,'UNB21TAK7BE','Naro'              ,'Other' ,84,'www.red.com'   ,NULL,'I hope to see close matches and a lot of epic battles'          ,'false');
INSERT INTO "user" (id,username,"name",email,"password","address",gender,age,website,picture,"description",active) VALUES (18,'alyssac'    ,'Alyssa Cash'      ,'al.cash@email.com'    ,'QOU69UKR3WH','Dornbirn'          ,'Female',78,'www.red.com'   ,NULL,'I wanna see friendly competitions'                              ,'true' );
INSERT INTO "user" (id,username,"name",email,"password","address",gender,age,website,picture,"description",active) VALUES (19,'jaqabott'   ,'Jacqueline Abbott','jacbot@competitor.org','HSU59LPW8ZF','Pelarco'           ,'Female',60,'www.red.com'   ,NULL,'I am competitive and an adrenaline lover'                       ,'true' );
INSERT INTO "user" (id,username,"name",email,"password","address",gender,age,website,picture,"description",active) VALUES (20,'ssaunders'  ,'Sloane Saunders'  ,'ssaunders@email.com'  ,'VHI14PIN1WY','Yeotmal'           ,'Other' ,77,'www.red.com'   ,NULL,'I like to spend afternoon watching games with my friends'       ,'false');

-- R03
INSERT INTO "banned_user" (id_user,since,reason) VALUES ( 5,'2020-03-19T17:03:02-07:00','Bad behavior during an event'          );
INSERT INTO "banned_user" (id_user,since,reason) VALUES (14,'2020-05-05T02:21:21-07:00','Unpleasant comments'                   );
INSERT INTO "banned_user" (id_user,since,reason) VALUES ( 4,'2020-05-19T14:40:31-07:00','Disrespect towards the event organizer');
INSERT INTO "banned_user" (id_user,since,reason) VALUES (18,'2020-11-08T21:05:37-08:00','Interrupted too many matches'          );

-- R04
INSERT INTO "suspension" (id,id_user,"from",until,reason) VALUES (1, 1,'2021-02-23T15:20:30-08:00','2022-08-12T07:03:23-07:00','Disrespected an event organizer');
INSERT INTO "suspension" (id,id_user,"from",until,reason) VALUES (2, 9,'2021-03-20T15:09:43-07:00','2021-06-17T14:25:34-07:00','Interrupted a match'            );
INSERT INTO "suspension" (id,id_user,"from",until,reason) VALUES (3,18,'2020-12-10T00:27:52-08:00','2021-01-25T08:16:16-08:00','Interrupted a match'            );
INSERT INTO "suspension" (id,id_user,"from",until,reason) VALUES (4, 4,'2020-01-06T18:37:03-08:00','2020-04-04T13:44:50-07:00','Disrespected event rules'       );
INSERT INTO "suspension" (id,id_user,"from",until,reason) VALUES (5, 3,'2020-04-29T05:07:02-07:00','2021-04-04T13:53:18-07:00','Unpleasant comment'             );
INSERT INTO "suspension" (id,id_user,"from",until,reason) VALUES (6, 7,'2020-05-02T20:48:31-07:00','2020-07-29T11:26:22-07:00','Disrespected event rules'       );
INSERT INTO "suspension" (id,id_user,"from",until,reason) VALUES (7,18,'2021-09-18T17:43:43-07:00','2022-03-02T22:43:28-08:00','Interrupted a match'            );

-- R05
INSERT INTO "category" (id,"name") VALUES (1,'Board Games'       );
INSERT INTO "category" (id,"name") VALUES (2,'Video Games'       );
INSERT INTO "category" (id,"name") VALUES (3,'Card Games'        );
INSERT INTO "category" (id,"name") VALUES (4,'Role-Playing Games');

-- R06
INSERT INTO "event" (id,id_organizer,title,visibility,"description",picture,"start_date",end_date,"type","location",max_attendance,cancelled,id_category,win_points,draw_points,loss_points,leaderboard) VALUES ( 1, 2,'2021 FIFAe Club World Cup'       ,'Private','Fifa tournament'                                                  ,NULL,'2021-03-10T18:32:20-08:00','2021-04-30T03:54:50-07:00','Virtual','Subbiano'      ,55,'true' ,2,1,0.5,0,'true');
INSERT INTO "event" (id,id_organizer,title,visibility,"description",picture,"start_date",end_date,"type","location",max_attendance,cancelled,id_category,win_points,draw_points,loss_points,leaderboard) VALUES ( 2, 4,'2021 VCT Challengers'            ,'Public' ,'Valorant Challengers Competition'                                 ,NULL,'2021-03-15T04:35:58-07:00','2021-04-29T10:53:13-07:00','Mixed'  ,'Borgone Susa'  ,31,'false',2,2,1,0,'false');
INSERT INTO "event" (id,id_organizer,title,visibility,"description",picture,"start_date",end_date,"type","location",max_attendance,cancelled,id_category,win_points,draw_points,loss_points,leaderboard) VALUES ( 3, 6,'RLCS Season X - Winter Split'    ,'Public' ,'Who is gonna be carrying the Winter trophy home?'                 ,NULL,'2021-03-18T07:21:28-07:00','2021-04-26T15:01:28-07:00','Mixed'  ,'Banjarmasin'   ,79,'true' ,2,1,0.5,0,'true');
INSERT INTO "event" (id,id_organizer,title,visibility,"description",picture,"start_date",end_date,"type","location",max_attendance,cancelled,id_category,win_points,draw_points,loss_points,leaderboard) VALUES ( 4, 8,'2021 VCT Masters'                ,'Public' ,'Valorant Masters Competition'                                     ,NULL,'2021-03-12T08:21:36-08:00','2021-04-26T05:01:44-07:00','Mixed'  ,'Whitehorse'    ,82,'true' ,2,3,1,0,'true');
INSERT INTO "event" (id,id_organizer,title,visibility,"description",picture,"start_date",end_date,"type","location",max_attendance,cancelled,id_category,win_points,draw_points,loss_points,leaderboard) VALUES ( 5,10,'EPIC League Season 3'            ,'Public' ,'Features 16 European and CIS teams.'                              ,NULL,'2021-03-17T21:44:52-07:00','2021-04-27T04:35:00-07:00','Mixed'  ,'100 Mile House',87,'false',2,3,2,1,'true');
INSERT INTO "event" (id,id_organizer,title,visibility,"description",picture,"start_date",end_date,"type","location",max_attendance,cancelled,id_category,win_points,draw_points,loss_points,leaderboard) VALUES ( 6,12,'2021 LPL Pro CS:GO'              ,'Private','Let''s Play Live Pro hosts professional CS:GO tournaments.'       ,NULL,'2021-03-11T07:02:25-08:00','2021-04-27T08:21:29-07:00','Virtual','B.S.D.'        ,56,'true' ,2,3,1,0,'true');
INSERT INTO "event" (id,id_organizer,title,visibility,"description",picture,"start_date",end_date,"type","location",max_attendance,cancelled,id_category,win_points,draw_points,loss_points,leaderboard) VALUES ( 7,14,'LEC 2021 Spring Season'          ,'Private','European League of Legends teams fight in round robin group stage',NULL,'2021-03-11T22:51:12-08:00','2021-04-27T16:30:48-07:00','Virtual','Berlin' ,63,'false',2,1,0.5,0,'true');
INSERT INTO "event" (id,id_organizer,title,visibility,"description",picture,"start_date",end_date,"type","location",max_attendance,cancelled,id_category,win_points,draw_points,loss_points,leaderboard) VALUES ( 8,16,'2021 WardiTV Winter Championship','Public' ,'Starcraft2 tournament with players from around the globe'         ,NULL,'2021-03-19T10:40:17-07:00','2021-04-27T15:56:12-07:00','Virtual','Abingdon'      ,41,'true' ,2,1,0.5,0,'false');
INSERT INTO "event" (id,id_organizer,title,visibility,"description",picture,"start_date",end_date,"type","location",max_attendance,cancelled,id_category,win_points,draw_points,loss_points,leaderboard) VALUES ( 9,18,'2021 Elisa Nordic Championship'  ,'Public' ,'Online tournament organized by Elisa Sports and dust2.dk.'        ,NULL,'2021-03-16T01:49:26-07:00','2021-04-29T13:46:14-07:00','Virtual','Yeovil'        ,53,'true' ,2,1,0.5,0,'false');
INSERT INTO "event" (id,id_organizer,title,visibility,"description",picture,"start_date",end_date,"type","location",max_attendance,cancelled,id_category,win_points,draw_points,loss_points,leaderboard) VALUES (10,20,'2021 Master Tour (Hearthstone)'  ,'Public' ,'Featuring top Hearthstone players worldwide.'                     ,NULL,'2021-03-17T23:57:52-07:00','2021-04-29T10:24:03-07:00','Virtual','Avise'         ,89,'true' ,3,3,1,0,'true');

-- R07
INSERT INTO "poll" (id,id_event,question) VALUES (1,4,'Which group should play first?'                         );
INSERT INTO "poll" (id,id_event,question) VALUES (2,8,'When should the final match begin?'                     );
INSERT INTO "poll" (id,id_event,question) VALUES (3,7,'How much time should the final match presentation take?');
INSERT INTO "poll" (id,id_event,question) VALUES (4,4,'Which team should play first?'                          );
INSERT INTO "poll" (id,id_event,question) VALUES (5,3,'Which team should play first?'                          );

-- R08
INSERT INTO "poll_option" (id,id_poll,"option") VALUES ( 1,1,'Group A'         );
INSERT INTO "poll_option" (id,id_poll,"option") VALUES ( 2,1,'Group B'         );
INSERT INTO "poll_option" (id,id_poll,"option") VALUES ( 3,2,'Morning'         );
INSERT INTO "poll_option" (id,id_poll,"option") VALUES ( 4,2,'Afternoon'       );
INSERT INTO "poll_option" (id,id_poll,"option") VALUES ( 5,3,'10 minutes'      );
INSERT INTO "poll_option" (id,id_poll,"option") VALUES ( 6,3,'30 minutes'      );
INSERT INTO "poll_option" (id,id_poll,"option") VALUES ( 7,3,'45 minutes'      );
INSERT INTO "poll_option" (id,id_poll,"option") VALUES ( 8,4,'Alliance'        );
INSERT INTO "poll_option" (id,id_poll,"option") VALUES ( 9,4,'Ballista Esports');
INSERT INTO "poll_option" (id,id_poll,"option") VALUES (10,4,'DfuseTeam'       );
INSERT INTO "poll_option" (id,id_poll,"option") VALUES (11,5,'Vitality'        );
INSERT INTO "poll_option" (id,id_poll,"option") VALUES (12,5,'Sonics'          );
INSERT INTO "poll_option" (id,id_poll,"option") VALUES (13,5,'NRG'             );
INSERT INTO "poll_option" (id,id_poll,"option") VALUES (14,5,'Guild'           );
INSERT INTO "poll_option" (id,id_poll,"option") VALUES (15,5,'Cloud9'          );

-- R10
INSERT INTO "file" (id,id_event,"name","data",date_uploaded) VALUES (1, 2,'Presentation', E'\\x3bfe931080c060f2','2021-03-29T22:06:41-07:00');
INSERT INTO "file" (id,id_event,"name","data",date_uploaded) VALUES (2, 3,'Event Poster',E'\\xd4f02fba4b290ba1','2021-08-09T12:45:57-07:00');
INSERT INTO "file" (id,id_event,"name","data",date_uploaded) VALUES (3, 4,'Presentation',E'\\x53d694fbfb2884e7','2020-10-26T17:40:29-07:00');
INSERT INTO "file" (id,id_event,"name","data",date_uploaded) VALUES (4, 9,'Poster',E'\\x357db30563ce96e3','2022-01-06T20:07:07-08:00');
INSERT INTO "file" (id,id_event,"name","data",date_uploaded) VALUES (5, 6,'Event Poster',E'\\x2f33849f25d4588b','2020-10-28T21:24:29-07:00');
INSERT INTO "file" (id,id_event,"name","data",date_uploaded) VALUES (6, 5,'Background Image',E'\\x0ae0a640b28561e3','2021-10-11T21:22:31-07:00');
INSERT INTO "file" (id,id_event,"name","data",date_uploaded) VALUES (7, 1,'Event Soundtrack',E'\\x49bf811eccb4f7d2','2021-04-07T23:54:04-07:00');
INSERT INTO "file" (id,id_event,"name","data",date_uploaded) VALUES (8, 3,'Playlist',E'\\x35e362259924f533','2021-12-13T01:24:59-08:00');
INSERT INTO "file" (id,id_event,"name","data",date_uploaded) VALUES (9,10,'Wall Poster',E'\\x7d5ac1fce1580c85','2021-03-06T05:49:03-08:00');

-- R11
INSERT INTO "competitor" (id,id_event,"name") VALUES ( 1, 1,'Mosaad Aldossary'     );
INSERT INTO "competitor" (id,id_event,"name") VALUES ( 2, 1,'Stefano Pinna'        );
INSERT INTO "competitor" (id,id_event,"name") VALUES ( 3, 1,'Kai Wollin'           );
INSERT INTO "competitor" (id,id_event,"name") VALUES ( 4, 2,'Sentinels'            );
INSERT INTO "competitor" (id,id_event,"name") VALUES ( 5, 2,'Imortals'             );
INSERT INTO "competitor" (id,id_event,"name") VALUES ( 6, 2,'Luminosity Gaming'    );
INSERT INTO "competitor" (id,id_event,"name") VALUES ( 7, 3,'NRG'                  );
INSERT INTO "competitor" (id,id_event,"name") VALUES ( 8, 3,'Vitality'             );
INSERT INTO "competitor" (id,id_event,"name") VALUES ( 9, 3,'Sonics'               );
INSERT INTO "competitor" (id,id_event,"name") VALUES (10, 4,'Alliance'             );
INSERT INTO "competitor" (id,id_event,"name") VALUES (11, 4,'DfuseTeam'            );
INSERT INTO "competitor" (id,id_event,"name") VALUES (12, 4,'Ballista Esports'     );
INSERT INTO "competitor" (id,id_event,"name") VALUES (13, 5,'TNC Predator'         );
INSERT INTO "competitor" (id,id_event,"name") VALUES (14, 5,'PSG.LGD'              );
INSERT INTO "competitor" (id,id_event,"name") VALUES (15, 5,'Team Nigma'           );
INSERT INTO "competitor" (id,id_event,"name") VALUES (16, 6,'Astralis'             );
INSERT INTO "competitor" (id,id_event,"name") VALUES (17, 6,'Sharks Esports'       );
INSERT INTO "competitor" (id,id_event,"name") VALUES (18, 6,'FURIA eSports'        );
INSERT INTO "competitor" (id,id_event,"name") VALUES (19, 7,'MAD Lions'            );
INSERT INTO "competitor" (id,id_event,"name") VALUES (20, 7,'Rogue'                );
INSERT INTO "competitor" (id,id_event,"name") VALUES (21, 7,'G2 Esports'           );
INSERT INTO "competitor" (id,id_event,"name") VALUES (22, 8,'Dragon Phoenix Gaming');
INSERT INTO "competitor" (id,id_event,"name") VALUES (23, 8,'PSISTORM Gaming'      );
INSERT INTO "competitor" (id,id_event,"name") VALUES (24, 8,'Team Liquid'          );
INSERT INTO "competitor" (id,id_event,"name") VALUES (25, 9,'Tricked Esport'       );
INSERT INTO "competitor" (id,id_event,"name") VALUES (26, 9,'Lyngby Vikings'       );
INSERT INTO "competitor" (id,id_event,"name") VALUES (27, 9,'CPH Flames'           );
INSERT INTO "competitor" (id,id_event,"name") VALUES (28,10,'Cloud9'               );
INSERT INTO "competitor" (id,id_event,"name") VALUES (29,10,'Team SoloMid'         );
INSERT INTO "competitor" (id,id_event,"name") VALUES (30,10,'Complexity Gaming'    );

-- R12
INSERT INTO "match" (id,id_event,"date","description",result,id_competitor1,id_competitor2) VALUES ( 1, 1,'2021-03-15T18:32:20-08:00','Very close match'                               ,'Winner2', 1, 2);
INSERT INTO "match" (id,id_event,"date","description",result,id_competitor1,id_competitor2) VALUES ( 2, 1,'2021-04-01T23:06:28-09:00',NULL                                             ,'TBD'    , 2, 3);
INSERT INTO "match" (id,id_event,"date","description",result,id_competitor1,id_competitor2) VALUES ( 3, 2,'2021-03-20T04:35:58-05:00','The match was going back and forth all the time','Tie'    , 4, 5);
INSERT INTO "match" (id,id_event,"date","description",result,id_competitor1,id_competitor2) VALUES ( 4, 2,'2021-03-25T04:35:58-06:00',NULL                                             ,'Winner1', 4, 6);
INSERT INTO "match" (id,id_event,"date","description",result,id_competitor1,id_competitor2) VALUES ( 5, 3,'2021-03-20T07:21:28-07:00',NULL                                             ,'Winner2', 7, 8);
INSERT INTO "match" (id,id_event,"date","description",result,id_competitor1,id_competitor2) VALUES ( 6, 3,'2021-03-28T07:21:28-01:00',NULL                                             ,'Tie'    , 8, 9);
INSERT INTO "match" (id,id_event,"date","description",result,id_competitor1,id_competitor2) VALUES ( 7, 4,'2021-04-15T08:21:36-08:00',NULL                                             ,'TBD'    ,10,12);
INSERT INTO "match" (id,id_event,"date","description",result,id_competitor1,id_competitor2) VALUES ( 8, 4,'2021-04-20T08:21:36-08:00',NULL                                             ,'TBD'    ,11,12);
INSERT INTO "match" (id,id_event,"date","description",result,id_competitor1,id_competitor2) VALUES ( 9, 5,'2021-03-17T21:44:52-07:00','Clown fiesta'                                   ,'Winner1',13,14);
INSERT INTO "match" (id,id_event,"date","description",result,id_competitor1,id_competitor2) VALUES (10, 5,'2021-04-01T21:44:52-07:00',NULL                                             ,'TBD'    ,14,15);
INSERT INTO "match" (id,id_event,"date","description",result,id_competitor1,id_competitor2) VALUES (11, 6,'2021-03-13T07:02:25-08:00','Very close match'                               ,'Winner2',16,17);
INSERT INTO "match" (id,id_event,"date","description",result,id_competitor1,id_competitor2) VALUES (12, 6,'2021-04-21T07:02:25-08:00','This match is expected to be very close'        ,'TBD'    ,17,18);
INSERT INTO "match" (id,id_event,"date","description",result,id_competitor1,id_competitor2) VALUES (13, 7,'2021-03-15T22:51:12-08:00',NULL                                             ,'Winner1',19,20);
INSERT INTO "match" (id,id_event,"date","description",result,id_competitor1,id_competitor2) VALUES (14, 7,'2021-04-25T22:51:12-08:00',NULL                                             ,'TBD'    ,21,20);
INSERT INTO "match" (id,id_event,"date","description",result,id_competitor1,id_competitor2) VALUES (15, 8,'2021-03-19T22:51:12-08:00','Very slow match, the action only began later on','Tie'    ,22,23);
INSERT INTO "match" (id,id_event,"date","description",result,id_competitor1,id_competitor2) VALUES (16, 8,'2021-04-02T22:51:12-08:00',NULL                                             ,'TBD'    ,24,23);
INSERT INTO "match" (id,id_event,"date","description",result,id_competitor1,id_competitor2) VALUES (17, 9,'2021-03-20T01:49:26-07:00',NULL                                             ,'Tie'    ,25,26);
INSERT INTO "match" (id,id_event,"date","description",result,id_competitor1,id_competitor2) VALUES (18, 9,'2021-03-25T01:49:26-07:00',NULL                                             ,'Tie'    ,26,27);
INSERT INTO "match" (id,id_event,"date","description",result,id_competitor1,id_competitor2) VALUES (19,10,'2021-03-29T23:57:52-07:00','Close match'                                    ,'Winner2',29,28);
INSERT INTO "match" (id,id_event,"date","description",result,id_competitor1,id_competitor2) VALUES (20,10,'2021-04-17T23:57:52-07:00',NULL                                             ,'TBD'    ,29,30);

-- R14
INSERT INTO "participation" (id_user,id_event,"status") VALUES (20, 7,'Declined'   );
INSERT INTO "participation" (id_user,id_event,"status") VALUES (19, 2,'Invitation' );
INSERT INTO "participation" (id_user,id_event,"status") VALUES (12, 1,'JoinRequest');
INSERT INTO "participation" (id_user,id_event,"status") VALUES (16,10,'Declined'   );
INSERT INTO "participation" (id_user,id_event,"status") VALUES ( 7, 5,'Invitation' );
INSERT INTO "participation" (id_user,id_event,"status") VALUES (16, 7,'Accepted'   );
INSERT INTO "participation" (id_user,id_event,"status") VALUES (18, 7,'JoinRequest');
INSERT INTO "participation" (id_user,id_event,"status") VALUES ( 3, 7,'Accepted'   );
INSERT INTO "participation" (id_user,id_event,"status") VALUES (10, 3,'Accepted'   );
INSERT INTO "participation" (id_user,id_event,"status") VALUES (13, 1,'Accepted'   );
INSERT INTO "participation" (id_user,id_event,"status") VALUES ( 9, 4,'JoinRequest');
INSERT INTO "participation" (id_user,id_event,"status") VALUES (14, 1,'Declined'   );
INSERT INTO "participation" (id_user,id_event,"status") VALUES ( 5, 2,'Declined'   );
INSERT INTO "participation" (id_user,id_event,"status") VALUES ( 1, 5,'Invitation' );
INSERT INTO "participation" (id_user,id_event,"status") VALUES (12, 7,'Accepted'   );
INSERT INTO "participation" (id_user,id_event,"status") VALUES (19, 6,'Invitation' );
INSERT INTO "participation" (id_user,id_event,"status") VALUES ( 3, 1,'JoinRequest');
INSERT INTO "participation" (id_user,id_event,"status") VALUES ( 2, 5,'Declined'   );
INSERT INTO "participation" (id_user,id_event,"status") VALUES ( 6, 8,'JoinRequest');
INSERT INTO "participation" (id_user,id_event,"status") VALUES (19, 9,'Invitation' );
INSERT INTO "participation" (id_user,id_event,"status") VALUES (16, 2,'Declined'   );
INSERT INTO "participation" (id_user,id_event,"status") VALUES (10, 1,'Declined'   );
INSERT INTO "participation" (id_user,id_event,"status") VALUES (13, 2,'JoinRequest');
INSERT INTO "participation" (id_user,id_event,"status") VALUES ( 6, 9,'Declined'   );
INSERT INTO "participation" (id_user,id_event,"status") VALUES (11,10,'Accepted'   );
INSERT INTO "participation" (id_user,id_event,"status") VALUES ( 2, 6,'Accepted'   );
INSERT INTO "participation" (id_user,id_event,"status") VALUES (14, 3,'Accepted'   );
INSERT INTO "participation" (id_user,id_event,"status") VALUES ( 5, 3,'Accepted'   );
INSERT INTO "participation" (id_user,id_event,"status") VALUES (18, 1,'Accepted'   );
INSERT INTO "participation" (id_user,id_event,"status") VALUES ( 5, 6,'Accepted'   );
INSERT INTO "participation" (id_user,id_event,"status") VALUES (14, 4,'Accepted'   );
INSERT INTO "participation" (id_user,id_event,"status") VALUES (10, 6,'Accepted'   );

-- R13
INSERT INTO "comment" (id,id_author,id_event,id_parent,"text","date") VALUES ( 1,12, 7,NULL,'Such great games'                        ,'2021-02-01T01:22:24-08:00');
INSERT INTO "comment" (id,id_author,id_event,id_parent,"text","date") VALUES ( 2,16, 8,NULL,'Expect to see epic battles'              ,'2020-09-12T14:13:42-07:00');
INSERT INTO "comment" (id,id_author,id_event,id_parent,"text","date") VALUES ( 3, 2, 6,NULL,'So many headshots today'                 ,'2020-10-20T16:06:10-07:00');
INSERT INTO "comment" (id,id_author,id_event,id_parent,"text","date") VALUES ( 4,16, 7,   1,'Especially the first one'                ,'2021-07-31T11:20:41-07:00');
INSERT INTO "comment" (id,id_author,id_event,id_parent,"text","date") VALUES ( 5,13, 1,NULL,'I wanna see epic goals'                  ,'2020-06-03T00:42:52-07:00');
INSERT INTO "comment" (id,id_author,id_event,id_parent,"text","date") VALUES ( 6,16, 7,NULL,'Epic games'                              ,'2020-06-17T15:44:30-07:00');
INSERT INTO "comment" (id,id_author,id_event,id_parent,"text","date") VALUES ( 7,10, 3,NULL,'Great shots'                             ,'2022-02-13T02:43:19-08:00');
INSERT INTO "comment" (id,id_author,id_event,id_parent,"text","date") VALUES ( 8, 5, 3,   7,'Agreed'                                  ,'2021-06-30T18:51:00-07:00');
INSERT INTO "comment" (id,id_author,id_event,id_parent,"text","date") VALUES ( 9,18, 1,NULL,'I hope to see great e-football'          ,'2020-08-01T16:01:28-07:00');
INSERT INTO "comment" (id,id_author,id_event,id_parent,"text","date") VALUES (10, 5, 6,NULL,'So hyped for these matches'              ,'2022-03-24T19:39:49-07:00');
INSERT INTO "comment" (id,id_author,id_event,id_parent,"text","date") VALUES (11,14, 3,   8,'That goal on game 3. Noone saw it coming','2022-01-19T16:45:43-08:00');
INSERT INTO "comment" (id,id_author,id_event,id_parent,"text","date") VALUES (12,14, 4,NULL,'That smoke was so good'                  ,'2020-10-18T10:58:45-07:00');
INSERT INTO "comment" (id,id_author,id_event,id_parent,"text","date") VALUES (13, 3, 7,   6,'Legendary games'                         ,'2021-08-18T01:06:05-07:00');
INSERT INTO "comment" (id,id_author,id_event,id_parent,"text","date") VALUES (14,11,10,NULL,'Such a felt battle on game 2'            ,'2020-07-27T16:49:56-07:00');
INSERT INTO "comment" (id,id_author,id_event,id_parent,"text","date") VALUES (15,10, 6,NULL,'Amazing sniper shots'                    ,'2020-12-13T16:34:01-08:00');

-- R09
INSERT INTO "poll_answer" (id_user,id_poll,id_poll_option) VALUES (16, 3, 5);
INSERT INTO "poll_answer" (id_user,id_poll,id_poll_option) VALUES ( 3, 3, 6);
INSERT INTO "poll_answer" (id_user,id_poll,id_poll_option) VALUES (10, 5,11);
INSERT INTO "poll_answer" (id_user,id_poll,id_poll_option) VALUES (12, 3, 6);
INSERT INTO "poll_answer" (id_user,id_poll,id_poll_option) VALUES (14, 5,15);
INSERT INTO "poll_answer" (id_user,id_poll,id_poll_option) VALUES ( 5, 5,15);
INSERT INTO "poll_answer" (id_user,id_poll,id_poll_option) VALUES (14, 1, 2);
INSERT INTO "poll_answer" (id_user,id_poll,id_poll_option) VALUES (14, 4, 9);

-- R15
INSERT INTO "event_tag" (id_event,tag_name) VALUES ( 1,'FIFA'             );
INSERT INTO "event_tag" (id_event,tag_name) VALUES ( 2,'Valorant'         );
INSERT INTO "event_tag" (id_event,tag_name) VALUES ( 2,'Riot Games'       );
INSERT INTO "event_tag" (id_event,tag_name) VALUES ( 3,'Rocket League'    );
INSERT INTO "event_tag" (id_event,tag_name) VALUES ( 4,'Valorant'         );
INSERT INTO "event_tag" (id_event,tag_name) VALUES ( 4,'Riot Games'       );
INSERT INTO "event_tag" (id_event,tag_name) VALUES ( 5,'DOTA 2'           );
INSERT INTO "event_tag" (id_event,tag_name) VALUES ( 6,'CS:GO'            );
INSERT INTO "event_tag" (id_event,tag_name) VALUES ( 7,'League of Legends');
INSERT INTO "event_tag" (id_event,tag_name) VALUES ( 7,'Riot Games'       );
INSERT INTO "event_tag" (id_event,tag_name) VALUES ( 8,'Starcraft2'       );
INSERT INTO "event_tag" (id_event,tag_name) VALUES ( 9,'CS:GO'            );
INSERT INTO "event_tag" (id_event,tag_name) VALUES (10,'Hearthstone'      );
